{"cameraMode":{"drawMode":0,"name":"Shaded","section":"Shading Mode"},"sceneLighting":true,"audioPlay":false,"sceneViewState":{"showFog":true,"showMaterialUpdate":false,"showSkybox":true,"showFlares":true,"showImageEffects":true,"showParticleSystems":true},"in2DMode":false,"pivot":{"x":70.9642333984375,"y":6.645865440368652,"z":5.629060745239258},"rotation":{"x":0.040074776858091357,"y":0.9577496647834778,"z":-0.23164772987365724,"w":0.1656872034072876},"size":15.981175422668457,"orthographic":false}